Title,Year,Genre,Director,Duration,IMDB,ID
02;13,2010,Drama|Mystery|Thriller,Charles Adelman,96,4.9,1
3 Days To Kill,2014,Action|Drama|Thriller,McG,117,6.2,2
4.3.2.1,2010,Crime|Thriller,Noel Clarke,117,5.8,3
5 Senses Of Fear,2013,Horror,Eric England,88,5.0,4
6 Ways To Sundown,2015,Crime|Thriller,Nadeem Soumah,103,4.0,5
7 Minutes,2014,Crime|Drama|Thriller,Jay Martin,92,5.0,6
8 Legs,2001,Action|Adventure|Horror,Jack Sholder,95,3.9,7
10 Orsaker Att Hata Dig,1999,Comedy|Drama|Romance,Gil Junger,97,7.3,8
12 Apornas Planet,1995,Mystery|Sci-Fi|Thriller,Terry Gilliam,129,8.0,9
12 Years A Slave,2013,Biography|Drama|History,Steve McQueen,134,8.1,10
13 Snart 30,2004,Comedy|Fantasy|Romance,Gary Winick,98,6.2,11
16 Blocks,2006,Action|Crime|Drama,Richard Donner,102,6.6,12
2 1,2008,Crime|Drama|History,Robert Luketic,123,6.8,13
21 And Over,2013,Comedy,Jon Lucas,93,5.8,14
21 Jump Street,2012,Action|Comedy|Crime,Phil Lord,109,7.2,15
22 Jump Street,2014,Action|Comedy|Crime,Phil Lord,112,7.0,16
22 Bullets,2010,Action|Crime|Drama,Richard Berry,117,6.7,17
30 Days Of Night,2007,Action|Horror|Thriller,David Slade,113,6.6,18
30 Minutes Or Less,2011,Action|Comedy|Crime,Ruben Fleischer,83,6.1,19
50/50,2011,Comedy|Drama|Romance,Jonathan Levine,100,7.6,20
51st State,2001,Action|Comedy|Crime,Ronny Yu,88,6.3,21
5 4,1998,Drama|Music,Mark Christopher,93,5.9,22
88 Minutes,2007,Crime|Drama|Mystery,Jon Avnet,108,5.9,23
100 Feet,2008,Horror|Mystery|Thriller,Eric Red,96,5.5,24
3 0 0,2006,Action|Drama,Zack Snyder,117,7.6,25
1 4 0 8,2007,Fantasy|Horror|Mystery,Mikael Håfström,104,6.8,26
2 0 1 2,2009,Action|Adventure|Sci-Fi,Roland Emmerich,158,5.8,27
10 000 BC     ,2008,Action|Adventure|Drama,Roland Emmerich,109,5.1,28
A Beautiful Mind    ,2001,Biography|Drama,Ron Howard,135,8.2,29
A Film With Me In It,2008,Comedy|Thriller,Ian Fitzgibbon,89,6.7,30
A Guy Thing,2003,Comedy|Romance,Chris Koch,101,5.6,31
A Horrible Way To Die,2010,Drama|Horror|Thriller,Adam Wingard,87,5.2,32
A Killer Upstairs,2005,Mystery|Thriller,Douglas Jackson,95,4.5,33
A Little Trip To Heaven    ,2005,Drama|Thriller,Baltasar Kormakur,98,6.0,34
A Long Way Down,2014,Comedy|Drama,Pascal Chaumeil,96,6.4,35
A Million Ways To Die In The West,2014,Comedy|Western,Seth MacFarlane,116,6.1,36
A Most Wanted Man,2014,Crime|Drama|Thriller,Anton Corbijn,122,6.8,37
A Night At The Roxbury  ,1998,Comedy|Music|Romance,John Fortenberry,82,6.3,38
A Nightmare On Elm Street,1984,Horror,Wes Craven,91,7.5,39
A Resurrection,2013,Horror|Thriller,Matt Orlando,89,3.9,40
Abduction,2011,Action|Mystery|Thriller,John Singleton,106,5.1,41
Absolutely Anything,2015,Comedy|Sci-Fi,Terry Jones,85,6.0,42
Adjustment Bureau,2011,Romance|Sci-Fi|Thriller,George Nolfi,106,7.0,43
Adult Beginners,2014,Comedy|Drama,Ross Katz,92,5.6,44
Adult World,2013,Comedy|Drama,Scott Coffey,97,6.1,45
Afflicted,2013,Horror|Mystery|Thriller,Derek Lee,85,6.3,46
Aggression Scale,2012,Action|Crime|Thriller,Steven C. Miller,85,5.9,47
Almost Friends,2013,Comedy|Drama,Phil Morrison,107,5.6,48
Along Came A Spider,2001,Drama|Thriller,Lee Tamahori,104,6.4,49
Alot Like Love,2005,Comedy|Drama|Romance,Nigel Cole,107,6.6,50
Alpha Dog,2006,Biography|Crime|Drama,Nick Cassavetes,122,6.9,51
American Beauty     ,1999,Drama,Sam Mendes,122,8.3,52
American Burger,2014,Comedy|Horror,John Bromander,78,4.4,53
American Cousins,2003,Crime|Drama,Don Coutts,115,6.2,54
American Dreamz     ,2006,Comedy|Music,Paul Weitz,107,5.4,55
American Gangster    ,2007,Biography|Crime|Drama,Ridley Scott,157,7.8,56
American History X   ,1998,Drama,Tony Kaye,119,8.5,57
American Hustle     ,2013,Crime|Drama,David O. Russell,138,7.2,58
American Pie     ,1999,Comedy,Paul Weitz,95,7.0,59
American Pie 2    ,2001,Comedy,J.B Rogers,108,6.4,60
American Pie The Wedding   ,2003,Comedy,Jesse Dylan,96,6.3,61
American Pie Band Camp   ,2005,Comedy,Steve Rash,87,5.1,62
American Pie The Naked Mile  ,2006,Comedy,Joe Nussbaum,97,5.1,63
American Pie Beta House   ,2007,Comedy,Andrew Waller,85,5.3,64
American Pie Book Of Love   ,2009,Comedy,John Putch,93,4.8,65
American Pie Reunion     ,2012,Comedy,Jon Hurwitz,113,6.7,66
American Sniper,2014,Action|Biography|Drama,Clint Eastwood,133,7.3,67
American Virgin,2009,Comedy,Clare Kilner,88,4.3,68
Amistad    ,1997,Biography|Drama|History,Steven Spielberg,155,7.3,69
Analyze This,1999,Comedy|Crime,Harold Ramis,103,6.7,70
Analyze That,2002,Comedy|Crime,Harold Ramis,96,5.9,71
Anchorman    ,2004,Comedy,Adam McKay,94,7.2,72
Anchorman 2,2013,Comedy,Adam McKay,119,6.3,73
Annabelle,2014,Horror|Mystery|Thriller,John R. Leonetti,99,5.4,74
Apocalypto    ,2006,Action|Adventure|Drama,Mel Gibson,139,7.8,75
Are You Scared,2006,Horror,Andy Hurst,79,3.1,76
Arn Tempelriddaren  ,2007,Action|Drama|Romance,Peter Flinth,139,6.6,77
Arn Riket Vid Vägens Slut  ,2008,Action|Drama|Romance,Peter Flinth,128,6.6,78
Arne Dahl - Ont Blod,2012,Crime,Arne Dahl,180,6.9,79
Arne Dahl - De Största Vatten,2012,Crime,Arne Dahl,180,6.9,80
Arthur,2011,Comedy|Romance,Jason Winer,110,5.7,81
As Good As Dead,2010,Crime|Thriller,Jonathan Mossek,100,5.2,82
Assassination Of Jesse James By Covard Robert Ford,2007,Biography|Crime|Drama,Andrew Dominik,160,7.5,83
Assassins Creed,2016,Action|Adventure|Fantasy,Justin Kurzel,115,5.7,84
Assault On Precinct 13,2005,Action|Crime|Drama,Jean-Francois Richet,109,6.3,85
Attack On Wall Street     ,2013,Action|Crime|Thriller,Uwe Boll,99,6.0,86
Autumn Blood,2013,Drama|Thriller,Markus Blunder,100,5.3,87
Avatar     ,2009,Action|Adventure|Fantasy,James Cameron,162,7.8,88
Aviator,2004,Biography|Drama,Martin Scorsese,170,7.5,89
Axed,2012,Drama|Horror|Thriller,Ryan Lee Driscoll,84,3.7,90
Babas Bilar,2006,Action|Comedy,Rafael Edholm,90,4.7,91
Babycall,2011,Horror|Thriller,Pål Sletaune,96,5.7,92
Babylon A.D,2008,Action|Adventure|Sci-Fi,Mathieu Kassovitz,90,5.6,93
Bad Boys,1983,Crime|Drama|Thriller,Rick Rosenthal,105,7.2,94
Bad Boys II,2003,Action|Comedy|Crime,Michael Bay,147,6.6,95
Bad Karma,2012,Thriller,Suri Krishnamma,87,4.5,96
Bad Lieutenant,2009,Crime|Drama,Werner Herzog,122,6.6,97
Bad Teacher,2011,Comedy|Romance,Jake Kasdan,92,5.6,98
Bagman    ,2014,Action|Crime|Drama,David Grovic,108,5.2,99
Bandaged,2009,Mystery|Romance|Thriller,Maria Beatty,92,4.7,100
Bang Bang You're Dead,2002,Crime|Drama|Thriller,Guy Ferland,93,7.8,101
Bangkok Hilton,1989,Drama|Thriller,Ken Cameron,251,7.9,102
Barely Legal,2011,Comedy,Jose Montesinos,89,3.2,103
Basic,2003,Action|Crime|Drama,John McTiernan,98,6.5,104
Basic Instinct,1992,Drama|Mystery|Thriller,Paul Verhoeven,127,7.0,105
Batman Begins   ,2005,Action|Adventure,Christopher Nolan,140,8.2,106
Batman - Dark Knight  ,2008,Action|Crime|Drama,Christopher Nolan,152,9.0,107
Batman - Dark Knight Rises,2012,Action|Adventure,Christopher Nolan,164,8.4,108
Battle Of Red Cliff,2008,Action|Adventure|Drama,John Woo,146,7.4,109
Battle Royale,2000,Adventure|Drama|Sci-Fi,Kinji Fukasaku,114,7.6,110
Be Cool         ,2005,Comedy|Crime|Drama,F. Gary Gray,118,5.6,111
Beach,2000,Adventure|Drama|Romance,Danny Boyle,119,6.7,112
Bean,1997,Adventure|Comedy|Family,Mel Smith,89,6.5,113
Beck – Lockpojken #1,1997,Crime|Drama|Mystery,Pelle Seth,94,6.1,114
Beck - Mannen Med Ikonerna #2,1997,Crime|Drama|Mystery,Pelle Seth,91,5.6,115
Beck – Vita Nätter #3,1998,Crime|Drama|Mystery,Kjell Sundvall,85,5.8,116
Beck – Öga För Öga #4,1998,Crime|Drama|Mystery,Kjell Sundvall,90,6.1,117
Beck - Pensionat Pärlan #5,1998,Crime|Drama|Mystery,Kjell Sundvall,86,5.7,118
Beck - Monstret #6,1998,Crime|Drama|Mystery,Harald Hamrell,87,6.0,119
Beck - The Money Man #7,1998,Crime|Drama|Mystery,Harald Hamrell,87,6.4,120
Beck – Spår I Mörker #8,1998,Crime|Drama|Mystery,Morten Arnfred,88,6.1,121
Beck – Hämndens Pris #9,2003,Crime|Drama|Mystery,Kjell Sundvall,96,6.4,122
Beck – Mannen Utan Ansikte #10,2005,Crime|Drama|Mystery,Harald Hamrell,90,6.1,123
Beck – Kartellen #11,2001,Crime|Drama|Mystery,Kjell Sundvall,88,5.8,124
Beck - Enslingen #12,2005,Crime|Drama|Mystery,Kjell Sundvall,90,5.9,125
Beck – Okänd Avsändare #13,2005,Crime|Drama|Mystery,Harald Hamrell,90,5.9,126
Beck – Annonsmannen #14,2003,Crime|Drama|Mystery,Daniel Lind Lagerlöf,88,6.1,127
Beck - Pojken I Glaskulan #15,2005,Crime|Drama|Mystery,Daniel Lind Lagerlöf,88,5.9,128
Beck - Sista Vittnet #16,2002,Crime|Drama|Mystery,Harald Hamrell,105,6.2,129
Beck - Skarpt Läge #17,2010,Crime|Drama|Mystery,Harald Hamrell,91,6.3,130
Beck - Flickan I Jordkällaren #18,2006,Crime|Drama|Mystery,Harald Hamrell,85,5.8,131
Beck - Gamen #19,2006,Crime|Drama|Mystery,Kjell Sundvall,88,5.5,132
Beck - Advokaten #20,2006,Crime|Drama|Mystery,Kjell Sundvall,90,6.0,133
Beck - Den Japanska Shungamålningen #21,2007,Crime|Drama|Mystery,Kjell Sundvall,90,5.7,134
Beck - Den Svaga Länken #22,2010,Crime|Drama|Mystery,Harald Hamrell,93,6.2,135
Beck - Det Tysta Skriket #23,2007,Crime|Drama|Mystery,Harald Hamrell,93,6.1,136
Beck - I Guds Namn #24,2007,Crime|Drama|Mystery,Kjell Sundvall,90,6.3,137
Beck - I Stormens Öga #25,2009,Crime|Drama|Mystery,Harald Hamrell,88,5.9,138
Beck - Levande Begravd #26,2009,Crime|Drama|Mystery,Harald Hamrell,90,6.5,139
Bedragaren,2012,Drama|Thriller,Nicholas Jarecki,107,6.6,140
Behind The Mask,2006,Comedy|Horror|Thriller,Scott Glosserman,92,6.7,141
Believers,2007,Horror|Mystery|Thriller,Daniel Myrick,102,5.2,142
Belägringen,1998,Action|Thriller,Edward Zwick,116,6.4,143
Beowulf,2007,Animation|Action|Adventure,Robert Zemeckis,115,6.2,144
Berättelsen Om Pi        ,2012,Adventure|Drama|Fantasy,Ang Lee,127,7.9,145
Beverly Hills Cop,1984,Action|Comedy|Crime,Martin Brest,105,7.3,146
Beverly Hills Cop II,1987,Action|Comedy|Crime,Tony Scott,100,6.5,147
Beverly Hills Cop III,1994,Action|Comedy|Crime,John Landis,104,5.6,148
Big Boss,1971,Action|Crime|Drama,Wei Lo,100,7.1,149
Big Lebowski        ,1998,Comedy|Crime|Sport,Joel Cohen,117,8.1,150
Black Dahlia,2006,Crime|Drama|Mystery,Brian De Palma,121,5.6,151
Black Hawk Down,2001,Drama|History|War,Ridley Scott,144,7.7,152
Blade I,1998,Action|Horror|Sci-Fi,Stephen Norrington,120,7.1,153
Blade II,2002,Action|Fantasy|Horror,Guillermo del Toro,117,6.7,154
Blades Of Glory,2007,Comedy|Sport,Josh Gordon,93,6.3,155
Blind Side,2009,Biography|Drama|Sport,John Lee Hancock,129,7.6,156
Blodsbröder,2005,Crime|Drama,Daniel Fridell,90,2.8,157
Blood Creek,2009,Horror,Joel Schumacher,90,5.3,158
Blood Diamond,2006,Adventure|Drama|Thriller,Edward Zwick,143,8.0,159
Blue In The Face,1995,Comedy,Wayne Wang,83,6.7,160
Blue Streak,1999,Action|Comedy|Crime,Les Mayfield,93,6.3,161
Body Of Lies,2008,Action|Drama|Thriller,Ridley Scott,128,7.1,162
Boo,2005,Horror,Anthony C. Ferrante,94,4.2,163
Boogeyman,2005,Drama|Horror|Mystery,Stephen Kay,89,4.2,164
Book Of Eli,2010,Action|Adventure|Drama,Albert Hughes,118,6.9,165
Boondock Saints I,1999,Action|Crime|Thriller,Troy Duffy,108,7.8,166
Boondock Saints II,2009,Action|Crime|Thriller,Troy Duffy,118,6.3,167
Boulevard,2014,Drama,Dito Montiel,88,5.8,168
Bourne Identity,2002,Action|Mystery|Thriller,Doug Liman,119,7.9,169
Bourne Supremacy,2004,Action|Mystery|Thriller,Paul Grengrass,108,7.7,170
Bourne Ultimatum,2007,Action|Mystery|Thriller,Paul Grengrass,115,8.0,171
Bourne Legacy,2012,Action|Mystery|Thriller,Tony Gilroy,135,6.7,172
Boys And Girls,2000,Comedy|Drama|Romance,Robert Iscove,94,5.4,173
Boys Next Door,1985,Crime|Drama|Thriller,Penelope Spheeris,91,6.4,174
Braveheart,1995,Biography|Drama|History,Mel Gibson,178,8.3,175
Breaking And Entering,2006,Crime|Drama|Romance,Anthony Minghella,120,6.5,176
Bridesmaids,2011,Comedy|Romance,Paul Feig,125,6.8,177
Bridget Jones Dagbok,2001,Comedy|Drama|Romance,Sharon Maguire,97,6.7,178
Brokeback Mountain,2005,Drama|Romance,Ang Lee,134,7.7,179
Brüno,2009,Comedy,Larry Charles,81,5.8,180
Bröllopsduellen,2009,Comedy|Romance,Gary Winick,89,5.5,181
Bröllopsfotografen,2009,Comedy|Drama|Romance,Ulf Malmros,113,5.9,182
Bucket List,2007,Comedy|Drama,Rob Reinar,97,7.4,183
Bug,2006,Drama|Horror|Thriller,William Friedkin,102,6.1,184
Buried,2010,Drama|Mystery|Thriller,Rodrigo Cortés,95,7.0,185
Burma Conspiracy,2011,Action|Adventure|Thriller,Jerome Salle,114,6.2,186
Butterfly Effect,2004,Drama|Sci-Fi|Thriller,Eric Brees,113,7.6,187
Börnehjemmet,2007,Drama|Horror|Mystery,J.A Bayona,105,7.4,188
Cabin Fever II,2009,Horror,Ti west,86,4.3,189
Cabin In The Woods,2011,Horror,Drew Goddard,95,7.0,190
Cable Guy,1996,Comedy|Drama|Thriller,Ben Stiller,96,6.1,191
Campaign,2012,Comedy,Jay Roach,85,6.1,192
Cape Fear,1991,Crime|Thriller,Martin Scorsese,128,7.3,193
Captain Phillips,2013,Biography|Crime|Drama,Paul Grengrass,134,7.8,194
Cargo,2009,Mystery|Sci-Fi|Thriller,Ivan Engler,112,6.2,195
Carlito's Way,1993,Crime|Drama|Thriller,Brian De Palma,144,7.9,196
Casino,1995,Crime|Drama,Martin Scorsese,178,8.2,197
Casshern,2004,Action|Sci-Fi,Kazuaki Kirya,142,6.1,198
Cast Away,2000,Adventure|Drama|Romance,Robert Zemeckis,143,7.8,199
Cellmates,2011,Comedy|Drama,Jesse Baget,85,5.7,200
Central Intelligence,2016,Action|Comedy|Crime,Rawson Marshall Thurber,107,6.3,201
Chained,2012,Crime|Drama|Horror,Jennifer Lynch,94,6.4,202
Chair,2007,Drama|Horror|Thriller,Brett Sullivan,89,4.3,203
Change-Up,2011,Comedy|Fantasy,David Dobkin,112,6.3,204
Changeling,2008,Biography|Crime|Drama,Clint Eastwood,141,7.7,205
Changing Lanes,2002,Drama|Thriller,Roger Michell,98,6.4,206
Charlies Änglar,2000,Action|Adventure|Comedy,McG,98,5.5,207
Chaser,2008,Action|Crime|Thriller,Hong-Jin Na,125,7.9,208
Che – The Argentine Part 1,2008,Biography|Drama|History,Steven Soderbergh,134,7.2,209
Che – Guerrilla Part 2,2008,Biography|Drama|History,Steven Soderbergh,135,6.9,210
Child 44,2015,Crime|Drama|History,Daniel Espinosa,137,6.5,211
Chok,1965,Drama|Horror|Thriller,Roman Polanski,105,7.7,212
Choose,2011,Crime|Drama|Horror,Marcus Graves,83,4.7,213
Cider House Rules,1999,Drama|Romance,Lasse Hallström,126,7.4,214
Cinderella Man,2005,Biography|Drama|History,Ron Howard,144,8.0,215
City Of Ghosts,2002,Crime|Drama|Thriller,Matt Dillon,116,6.0,216
City Of God,2002,Crime|Drama,Fernando Meirelles,130,8.6,217
Click,2006,Comedy|Drama|Fantasy,Frank Coraci,107,6.4,218
Close Range,2015,Action|Crime|Thriller,Isaac Florentine,80,5.0,219
Cloud Atlas,2012,Action|Drama|Mystery,Tom Tykwer,172,7.4,220
Cocktail,1988,Comedy|Drama|Romance,Roger Donaldson,104,5.9,221
Collector,2009,Action|Crime|Horror,Marcus Dunstan,90,6.4,222
Columbus Circle,2012,Crime|Drama|Mystery,George Gallo,82,6.0,223
Constant Gardener,2005,Drama|Mystery|Romance,Fernando Meirelles,129,7.4,224
Contender,2000,Drama|Thriller,Rod Lurie,126,6.9,225
Contraband,2012,Action|Crime|Drama,Baltasar Kormakur,109,6.5,226
Cornelis,2010,Biography|Drama|Music,Amir Chamdin,101,6.3,227
Coyote Ugly,2000,Comedy|Drama|Music,David McNally,100,5.7,228
Crank I,2006,Action|Crime|Thriller,Mark Neveldine,88,6.9,229
Crank II,2009,Action|Thriller,Mark Neveldine,96,6.2,230
Crazy Stupid Love,2011,Comedy|Drama|Romance,Glenn Ficarra,118,7.4,231
Creep,2004,Horror|Mystery|Thriller,Christopher Smith,85,5.6,232
Crouching Tiger Hidden Dragon,2000,Action|Adventure|Fantasy,Ang Lee,120,7.8,233
Crow,1994,Action|Drama|Fantasy,Alex Proyas,102,7.6,234
Curse Of The Golden Flower,2006,Action|Adventure|Drama,Yimou Zhang,111,7.0,235
Cursed,2005,Comedy|Horror,Wes Craven,97,5.0,236
D3 – The Mighty Ducks,1996,Action|Comedy|Drama,Robert Lieberman,104,5.5,237
D - Day,2004,Action|Drama|History,Richard Dale,120,7.1,238
Dantes Peak,1997,Action|Adventure|Thriller,Roger Donaldson,108,5.9,239
Da Vinci Koden,2006,Mystery|Thriller,Ron Howard,149,6.6,240
Dark,2005,Drama|Horror|Mystery,John Fawcett,93,5.4,241
Dark Hours,2005,Horror|Thriller,Wil Zmak,80,6.0,242
Dark Water,2005,Drama|Horror|Mystery,Walter Salles,105,5.6,243
Dawn Of The Dead,2004,Action|Horror,Zack Snyder,101,7.3,244
Day Of The Dead – The Beginning,2005,Horror,Ana Clavell,103,2.3,245
Daylight Fades,2010,Thriller,Brad Ellis,101,3.5,246
Daywatch,2006,Action|Fantasy|Horror,Timur Bekmambetov,132,6.5,247
De Omutbara,1987,Crime|Drama|Thriller,Brian De Palma,119,7.9,248
Dead Silence,2016,Action|Adventure|Comedy,Tim Miller,108,8.0,249
Deadpool,2007,Horror|Mystery|Thriller,James Wan,89,6.2,250
Dear John,2010,Drama|Romance|War,Lasse Hallström,108,6.3,251
Death Proof,2007,Action|Adventure|Thriller,Quentin Tarantino,113,7.0,252
Death Wish,2018,Action|Crime|Drama,Eli Roth,107,6.4,253
Deep Fear,2007,Horror|Mystery|Sci-Fi,Matthew Leutwyler,93,4.0,254
Deer Hunter,1978,Drama|War,Michael Cimino,183,8.1,255
Definitely Maybe,2008,Comedy|Drama|Romance,Adam Brooks,112,7.1,256
Dejavu,2006,Action|Crime|Sci-Fi,Tony Scott,126,7.0,257
Den Blodige Weekend,1983,Action|Drama|Thriller,Sam Peckinpah,103,5.9,258
Den Grymma Leken,2007,Crime|Drama|Horror,Dan Reed,80,5.6,259
Den Tredje Vågen,2003,Action|Crime|Thriller,Anders Nilsson,115,6.3,260
Departed,2006,Crime|Drama|Thriller,Martin Scorsese,151,8.5,261
Derailed,2005,Crime|Drama|Thriller,Mikael Håfström,108,6.6,262
Descent,2005,Adventure|Horror|Thriller,Neil Marshall,99,7.2,263
Det Här Var Ju Tråkigt,2012,Comedy,David Batra,84,6.5,264
Diary Of A Serial Killer,2008,Thriller,Andy Hurst,85,2.9,265
Diary Of Ellen Rimbauer,2003,Drama|Horror|Mystery,Craig R. Baxley,88,5.5,266
Dictator,2012,Comedy,Larry Charles,83,6.4,267
Die Hard I,1988,Action|Thriller,John McTiernan,132,8.2,268
Die Hard II,1990,Action|Thriller,Renny Harlin,124,7.2,269
Die Hard III,1995,Action|Thriller,John McTiernan,128,7.6,270
Die Hard IV,2007,Action|Thriller,Len Wiseman,128,7.1,271
Dilemma,2011,Comedy|Drama,Ron Howard,111,5.3,272
Dinner For Schmucks,2010,Comedy,Jay Roach,114,5.9,273
Divergent,2014,Action|Adventure|Mystery,Neil Burger,139,6.7,274
Django Unchained,2012,Drama|Western,Quentin Tarantino,165,8.4,275
Djävulens Advokat,1997,Drama|Mystery|Thriller,Taylor Hackford,144,7.5,276
Dodgeball,2004,Comedy|Sport,Rawson Marshall Thurber,92,6.7,277
Doghouse,2009,Comedy|Horror|Sci-Fi,Jake West,89,6.0,278
Dogma,1999,Adventure|Comedy|Drama,Kevin Smith,130,7.3,279
Donnie Darko,2001,Drama|Mystery|Sci-Fi,Richard Kelly,113,8.0,280
Don't Be A Menace,1996,Comedy|Crime,Paris Barclay,89,6.6,281
Drag Me To Hell,2009,Horror|Thriller,Sam Raimi,99,6.5,282
Drinking Buddies,2013,Comedy|Drama|Romance,Joe Swanberg,90,6.1,283
Drive,2011,Crime|Drama,Nicolas Winding Refn,100,7.8,284
Du & Jag,2006,Drama|Romance,Martin Jern,88,5.2,285
Dude Where's My Car,2000,Comedy|Mystery|Sci-Fi,Danny Leiner,83,5.5,286
Dum Och Dummare,1994,Comedy,Peter Farrelly,107,7.3,287
Dunkirk,2017,Action|Drama|History,Christopher Nolan,106,7.9,288
Eastern Promises,2007,Action|Crime|Drama,David Cronenberg,100,7.6,289
Eight Below,2006,Adventure|Drama|Family,Frank Marshall,120,7.3,290
Employee Of The Month,2006,Comedy|Romance,Greg Coolidge,103,5.5,291
Empress,2006,Action|Drama|Fantasy,Xiaogang Feng,131,6.4,292
En Dag I Livet,2005,Drama|Family|Romance,Lasse Hallström,108,7.0,293
En Galen Natt,2010,Comedy|Crime|Romance,Shawn Levy,88,6.3,294
En Kvinnas Doft,1992,Drama,Martin Brest,156,8.0,295
En Officer Och En Gentleman,1982,Drama|Romance,Taylor Hackford,124,7.0,296
En Underbar Jävla Jul,2015,Comedy|Drama,Helena Bergström,108,5.4,297
Entourage – The Movie,2015,Comedy,Doug Ellin,104,6.6,298
Equalizer,2014,Action|Crime|Thriller,Antoine Fuqua,132,7.2,299
Escape Plan 2,2018,Action|Crime|Mystery,Steven C. Miller,96,3.8,300
Escobar,2014,Crime|Drama|History,Andrea Di Stefano,120,6.5,301
Ett Päron Till Farsa – Nästa Generation,2015,Adventure|Comedy,John Francis Daley,99,6.1,302
Eurotrip Unseen,2004,Comedy,Jeff Schaffer,92,6.6,303
Evil Aliens,2005,Comedy|Horror|Sci-Fi,Jake West,93,5.2,304
Evolution,2001,Comedy|Sci-Fi,Ivan Reitman,101,6.1,305
Exodus,2014,Action|Drama|Fantasy,Ridley Scott,150,6.0,306
Exorcisten,1973,Horror,William Friedkin,122,8.0,307
Eye,2008,Drama|Horror|Mystery,David Moreau,98,5.4,308
Face Off,1997,Action|Crime|Sci-Fi,John Woo,138,7.3,309
Faculty,1998,Horror|Sci-Fi,Robert Rodriguez,104,6.5,310
Family Man,2000,Comedy|Drama|Fantasy,Brett Ratner,125,6.8,311
Fantastic 4,2005,Action|Adventure|Family,Tim Story,106,5.7,312
Fast And The Furious I,2001,Action|Crime|Thriller,Rob Cohen,106,6.8,313
Fast And The Furious II,2003,Action|Crime|Thriller,John Singleton,107,5.9,314
Fast And The Furious III,2006,Action|Crime|Thriller,Justin Lin,104,6.0,315
Fast And The Furious V,2011,Action|Crime|Thriller,Justin Lin,130,7.3,316
Fast And The Furious VI,2013,Action|Crime|Thriller,Justin Lin,130,7.1,317
Fast And The Furious VII,2015,Action|Crime|Thriller,James Wan,137,7.2,318
Fear And Loathing In Las Vegas   ,1998,Adventure|Comedy|Drama,Terry Gillam,118,7.6,319
Feed,2005,Crime|Horror|Thriller,Brett Leonard,101,5.3,320
Felon,2008,Crime|Drama,Ric Roman Waugh,104,7.4,321
Fight Club,1999,Drama,David Fincher,139,8.8,322
Fighter,2010,Biography|Drama|Sport,David O. Russell,116,7.8,323
Fighting,2009,Action|Crime|Drama,Dito Montiel,105,5.6,324
Final Call,2004,Action|Crime|Thriller,David R. Ellis,94,6.5,325
Final Destination,2000,Horror|Thriller,James Wong,98,6.7,326
Final Destination II,2003,Horror|Thriller,David R. Ellis,90,6.2,327
Final Destination V,2011,Horror|Thriller,Steven Quale,92,5.8,328
Final Hit,2000,Comedy|Drama,Burt Reynolds,90,4.7,329
Fireflies In The Garden,2008,Drama,Dennis Lee,120,6.5,330
Firewall,2006,Action|Crime|Thriller,Richard Loncraine,105,5.8,331
Fist Of Fury,1972,Action|Drama|Romance,Wei Lo,106,7.4,332
Flight 93,2006,Action|Crime|Drama,Peter Markle,89,6.3,333
Focus,2015,Comedy|Crime|Drama,Glenn Ficarra,105,6.6,334
Football Factory,2004,Crime|Drama|Sport,Nick Love,91,6.8,335
For Da Love Of Money,2002,Comedy,Pierre Edwards,97,4.5,336
For Queen And Country,1988,Action|Crime|Drama,Martin Stellman,105,5.6,337
Forrest Gump,1994,Drama|Romance,Robert Zemeckis,142,8.8,338
Four Brothers,2005,Action|Crime|Drama,John Singleton,109,6.8,339
Fracture,2007,Crime|Drama|Thriller,Gregory Hoblit,113,7.2,340
Fragile,2005,Horror|Mystery|Thriller,Jaume Balaguero,101,6.1,341
Framom Främsta Linjen,2004,Drama|History|War,Åke Lindman,127,6.7,342
Freaky Friday,2003,Comedy|Family|Fantasy,Mark Waters,97,6.1,343
Friday The 13th – I,1980,Horror|Mystery|Thriller,Sean S. Cunningham,95,6.5,344
Friday The 13th – II,1981,Horror|Mystery|Thriller,Steve Miner,87,6.1,345
Friday The 13th – III,1982,Horror|Mystery|Thriller,Steve Miner,95,5.7,346
Friday The 13th – IV,1984,Horror|Mystery|Thriller,Joseph Zito,91,6.0,347
Friday The 13th – V,1985,Horror|Mystery|Thriller,Danny Steinmann,92,4.8,348
Friday The 13th – VI,1986,Horror|Mystery|Thriller,Tom McLoughlin,86,6.0,349
Friday The 13th – VII,1988,Horror|Mystery|Thriller,John Carl Buechler,88,5.3,350
Friday The 13th – VIII,1989,Horror|Mystery|Thriller,Rob Hedden,100,4.6,351
Jason X,2001,Horror|Mystery|Thriller,Jamie Isaac,91,4.4,352
Freddy Vs Jason,2003,Horror|Mystery|Thriller,Ronny Yu,97,5.7,353
Friday The 13th – The Last Episode,2009,Horror|Mystery|Thriller,Marcus Nispel,97,5.5,354
From Dusk Till Dawn I,1996,Action|Crime|Horror,Robert Rodriguez,108,7.2,355
From Dusk Till Dawn II,1999,Crime|Horror|Thriller,Scott Spiegel,88,4.1,356
From Paris With Love,2010,Action|Crime|Thriller,Pierre Morel,92,6.5,357
Fugitive,1993,Action|Crime|Drama,Andrew Davis,130,7.8,358
Full English Breakfast,2014,Action|Crime|Mystery,Manish Patel,115,2.5,359
Full Metal Jacket,1987,Drama|War,Stanley Kubrick,116,8.3,360
Funny People,2009,Comedy|Drama,Judd Apatow,146,6.3,361
Fyllefesten,2014,Comedy,Nicolas Benamou,85,6.8,362
Gamer,2009,Action|Sci-Fi|Thriller,Mark Neveldine,95,5.8,363
Gangs Of New York,2002,Crime|Drama,Martin Scorsese,167,7.5,364
Gangster Playboys Retribution,2013,Crime,Paul Tanter,82,4.1,365
Gangster Squad,2013,Action|Crime|Drama,Ruben Fleischer,113,6.7,366
Get Him To The Greek,2010,Comedy|Music,Nicholas Stoller,109,6.4,367
Get Rich Or Die Trying,2005,Biography|Crime|Drama,Jim Sheridan,117,5.4,368
Ghost Dog – Samurajernas Väg,1999,Action|Crime|Drama,Jim Jarmusch,116,7.5,369
Girl Next Door (Komedi),2004,Comedy|Drama|Romance,Luke Greenfield,109,6.7,370
Girl Next Door (Skräck),2007,Crime|Drama|Horror,Gregory Wilson,91,6.6,371
Gladiator,2000,Action|Adventure|Drama,Ridley Scott,155,8.5,372
Godfather – Part I,1972,Crime|Drama,Francis Ford Coppola,175,9.2,373
Godfather – Part II,1974,Crime|Drama,Francis Ford Coppola,202,9.0,374
Godfather – Part III,1990,Crime|Drama,Francis Ford Coppola,162,7.6,375
Going The Distance,2010,Comedy|Romance,Nanette Burstein,102,6.3,376
Gone Baby Gone,2007,Crime|Drama|Mystery,Ben Affleck,114,7.6,377
Gone In 60 Seconds,2000,Action|Crime|Thriller,Dominic Sena,118,6.5,378
Good Luck Chuck,2007,Comedy|Romance,Mark Helfrich,96,5.6,379
Good Will Hunting,1997,Drama|Romance,Gus Van Sant,126,8.3,380
Gotti,2018,Biography|Crime|Drama,Kevin Connolly,112,4.8,381
Graduate,1967,Comedy|Drama|Romance,Mike Nichols,106,8.0,382
Gran Torino,2008,Drama,Clint Eastwood,116,8.1,383
Grand Seduction,2013,Comedy,Don McKellar,113,7.0,384
Grannpatrullen,2012,Comedy|Sci-Fi,Akiva Schaffer,102,5.7,385
Gravedancers,2006,Horror,Mike Mendez,95,5.5,386
Gravity,2013,Drama|Sci-Fi|Thriller,Alfonso Cuaron,91,7.7,387
Grease,1978,Musical|Romance,Randal Kleiser,110,7.2,388
Great Gatsby,2013,Drama|Romance,Baz Luhrmann,143,7.2,389
Green Lantern,2011,Action|Adventure|Sci-Fi,Martin Campbell,114,5.5,390
Green Street Hooligans,2005,Crime|Drama|Sport,Lexi Alexander,109,7.5,391
Grudge Match,2013,Comedy|Drama|Sport,Peter Segal,113,6.4,392
Gräsklipparmannen,1992,Horror|Sci-Fi,Brett Leonard,108,5.5,393
Guard,2011,Comedy|Crime|Thriller,John Michael McDonagh,96,7.3,394
Guess Who,2005,Comedy|Romance,Kevin Rodney Sullivan,105,5.9,395
Guest,2014,Action|Comedy|Crime,Adam Wingard,100,6.7,396
Hacksaw Ridge,2016,Biography|Drama|History,Mel Gibson,139,8.1,397
Hairspray,2007,Comedy|Drama|Musical,Adam Shankman,117,6.6,398
Halloween,1978,Horror|Thriller,John Carpenter,91,7.8,399
Hamilton,1998,Action|Adventure|Crime,Harald Zwart,127,5.9,400
Happy Gilmore,1996,Comedy|Sport,Dennis Dugan,92,7.0,401
Hard Candy,2005,Drama|Thriller,David Slade,104,7.1,402
Harley And The Davidsons,2016,Biography,,60,8.2,403
Harsh Times,2005,Action|Crime|Drama,David Ayer,116,6.9,404
Hatchet,2006,Comedy|Horror|Thriller,Adam Green,85,5.7,405
Hatchet II,2010,Comedy|Horror|Thriller,Adam Green,85,5.5,406
Haven,2004,Crime|Drama,Frank E. Flowers,115,5.8,407
He Was A Quiet Man,2007,Drama|Romance|Thriller,Frank A. Cappello,95,6.8,408
Head Of State,2003,Comedy,Chris Rock,95,5.5,409
Heat,1995,Crime|Drama|Thriller,Michael Mann,170,8.2,410
Hellraiser,1987,Horror|Thriller,Clive Barker,94,7.0,411
Hercules,2014,Action|Adventure|Fantasy,Brett Ratner,98,6.0,412
Here Comes The Boom,2012,Action|Comedy|Sport,Frank Coraci,105,6.4,413
Hills Have Eyes,2006,Horror|Thriller,Alexandre Aja,107,6.4,414
Hip Hip Hora,2004,Comedy|Drama,Teresa Fabik,90,5.2,415
Hitch,2005,Comedy|Romance,Andy Tennant,118,6.6,416
Hitchcock,2012,Biography|Drama|Romance,Sacha Gervasi,98,6.8,417
Hitman,2007,Action|Crime|Thriller,Xavier Gens,100,6.3,418
Hollywood Gigolo,1999,Comedy|Romance,Mike Mitchell,88,5.7,419
Hong Kong Knights,2003,Action|Crime|Thriller,Benny Chan,100,5.9,420
Hopplös Och Hatad Av Alla,2008,Biography|Comedy|Drama,Robert B. Weide,110,6.4,421
Horrible Bosses,2011,Comedy|Crime,Seth Gordon,98,6.9,422
Hostage,2005,Action|Crime|Drama,Florent-Emilio Siri,113,6.6,423
Hostel I,2005,Horror,Eli Roth,94,5.9,424
Hostel II,2007,Horror,Eli Roth,94,5.5,425
Hot Tub Time Machine,2010,Comedy|Sci-Fi,Steve Pink,101,6.4,426
Hot Tub Time Machine II,2015,Comedy|Sci-Fi,Steve Pink,93,5.1,427
Hotel Rwanda,2004,Biography|Drama|History,Terry George,121,8.1,428
House Of 1000 Corpses,2003,Horror,Rob Zombie,89,6.1,429
House On Haunted Hill,1999,Horror|Mystery|Thriller,William Malone,93,5.6,430
How Do You Know,2010,Comedy|Drama|Romance,James L. Brooks,121,5.4,431
Human Stain,2003,Drama|Romance|Thriller,Robert Benton,106,6.2,432
Human Trafficking,2005,Crime|Drama|Mystery,Cristian Duguay,176,7.6,433
Hundraåringen Som Klev Ut Genom Fönstret Och Försvann,2013,Adventure|Comedy,Felix Herngren,114,7.1,434
Hunger,2008,Biography|Drama,Steve McQueen,96,7.6,435
Hunger Games I,2012,Action|Adventure|Sci-Fi,Gary Ross,142,7.2,436
Hunger Games II,2013,Action|Adventure|Sci-Fi,Francis Lawrence,146,7.5,437
Hunger Games III,2014,Action|Adventure|Sci-Fi,Francis Lawrence,123,6.6,438
Hunger Games IV,2015,Action|Adventure|Sci-Fi,Francis Lawrence,137,6.5,439
Hunted,2003,Action|Crime|Drama,William Friedkin,94,6.1,440
Hur Många Lingon Finns Det I Världen,2011,Comedy|Drama|Music,Lena Koppel,101,6.0,441
Husk,2011,Horror|Thriller,Brett Simmons,83,5.2,442
Hypnos,2004,Drama|Horror|Thriller,David Carreras,93,5.4,443
Hypnotisören,2012,Crime|Drama|Thriller,Lasse Hallström,122,5.6,444
I Am Legend,2007,Adventure|Drama|Sci-Fi,Francis Lawrence,101,7.2,445
I Kina Spiser De Hunde,1999,Action|Comedy|Crime,Lasse Spang Olsen,91,7.4,446
I Know Who Killed Me,2007,Crime|Drama|Mystery,Chris Sivertson,105,3.6,447
I Min Vildaste Fantasi,2010,Comedy|Romance,Jim Field Smith,104,6.4,448
I Robot,2004,Action|Drama|Sci-Fi,Alex Proyas,115,7.1,449
I Spit On Your Grave,2010,Horror|Thriller,Steven R. Monroe,108,6.3,450
I Spit On Your Grave II,2013,Horror|Thriller,Steven R. Monroe,106,5.7,451
Imitation Game,2014,Biography|Drama|Thriller,Morten Tyldum,114,8.0,452
Inception,2010,Action|Adventure|Sci-Fi,Christopher Nolan,148,8.8,453
Infestation,2009,Action|Adventure|Comedy,Kyle Rankin,91,5.9,454
Inglourious Basterds,2009,Adventure|Drama|War,Quentin Tarantino,153,8.3,455
Innkeepers,2011,Drama|Horror|Mystery,Ti west,101,5.4,456
Inside Man,2006,Crime|Drama|Mystery,Spike Lee,129,7.6,457
Into The Blue,2005,Action|Adventure|Crime,John Stockwell,110,5.9,458
Into The Wild,2007,Action|Biography|Drama,Sean Penn,148,8.1,459
Irene Huss – Tatuerad Torso,2010,Crime|Drama|Thriller,Martin Asphaug,87,5.6,460
Iron Man,2008,Action|Adventure|Sci-Fi,Jon Favreau,126,7.9,461
Iron Man II,2010,Action|Adventure|Sci-Fi,Jon Favreau,124,7.0,462
Irreversible,2002,Crime|Drama|Mystery,Gaspar Noe,97,7.4,463
Italian Job,2003,Action|Crime|Thriller,F. Gary Gray,111,7.0,464
It Follows,2014,Horror|Mystery|Thriller,David Robert Mitchell,100,6.8,465
Jack Ryan: Shadow Recruit,2014,Action|Drama|Thriller,Kenneth Branagh,105,6.2,466
Jagten På Lykke,2006,Biography|Drama,Gabriele Muccino,117,8.0,467
Jalla Jalla,2000,Comedy|Drama|Romance,Josef Fares,88,6.7,468
James Bond - Dr No,1962,Action|Adventure|Thriller,Terence Young,110,7.3,469
James Bond - Ur Dödlig Synvinkel,1981,Action|Adventure|Thriller,John Glen,127,6.8,470
James Bond - Goldeneye,1995,Action|Adventure|Thriller,Martin Campbell,130,7.2,471
James Bond - Tomorrow Never Dies,1997,Action|Adventure|Thriller,Roger Spottiswoode,119,6.5,472
James Bond - The World Is Not Enough,1999,Action|Adventure|Thriller,Michael Apted,128,6.4,473
James Bond - Die Another Day,2002,Action|Adventure|Thriller,Lee Tamahori,133,6.1,474
James Bond - Casino Royale,2006,Action|Adventure|Thriller,Martin Campbell,144,8.0,475
James Bond - Quantum Of Solace,2008,Action|Adventure|Thriller,Marc Forster,106,6.6,476
Jarhead,2005,Action|Biography|Drama,Sam Mendes,125,7.0,477
Jiddra Inte Med Zohan,2008,Comedy,Dennis Dugan,113,5.5,478
Johan Falk - #2 Vapenbröder,2009,Action|Crime|Thriller,Anders Nilsson,93,6.6,479
Johan Falk - #3 National Target,2009,Action|Crime|Thriller,Richard Holm,95,6.6,480
Johan Falk - #7 Spelets Regler,2012,Action|Crime|Thriller,Charlotte Brändström,96,6.5,481
Johan Falk - #8 De 107 Patrioterna,2012,Action|Crime|Thriller,Anders Nilsson,92,6.5,482
Johan Falk - #11 Barninfiltratören,2012,Action|Crime|Thriller,Richard Holm,93,6.7,483
Johan Glans – Det Bleka Hotet,2011,Comedy,Johan Glans,100,8.3,484
John Tucker Must Die,2006,Comedy|Romance,Betty Thomas,89,5.8,485
Just Go With It,2011,Comedy|Romance,Dennis Dugan,117,6.4,486
Just Like Heaven,2005,Comedy|Drama|Fantasy,Mark Waters,95,6.7,487
K 19 The Widowmaker,2002,Drama|History|Thriller,Kathryn Bigelow,138,6.7,488
Kaboom,2010,Comedy|Mystery|Romance,Gregg Araki,86,5.7,489
Kicking And Screaming,2005,Comedy|Family|Romance,Jesse Dylan,95,5.6,490
Kill Bill I,2003,Action|Crime|Thriller,Quentin Tarantino,111,8.1,491
Kill Bill II,2004,Action|Crime|Thriller,Quentin Tarantino,137,8.0,492
Kill List,2011,Crime|Drama|Horror,Ben Wheatley,95,6.4,493
Killer Inside Me,2010,Crime|Drama|Thriller,Michael Winterbottom,109,6.1,494
Kim Novak Badade Aldrig I Genesarets Sjö,2005,Crime|Drama,Martin Asphaug,95,6.5,495
Kingdom,2007,Action|Drama|Thriller,Peter Berg,110,7.0,496
Kingdom Of Heaven,2005,Action|Adventure|Drama,Ridley Scott,144,7.2,497
Kingpin,1996,Comedy|Sport,Bobby Farrelly,114,6.9,498
King's Speech,2010,Biography|Drama|History,Tom Hooper,118,8.0,499
Kiss Kiss Bang Bang,2005,Action|Comedy|Crime,Shane Black,103,7.5,500
Kocken,2005,Drama,Mats Arehn,116,5.7,501
Kopps,2003,Action|Comedy,Josef Fares,90,6.7,502
Kvarteret Skatan Reser Till Laholm,2012,Comedy,Mikael Syrén,84,5.2,503
Kvinnan I Rummet,2013,Crime|Mystery|Thriller,Mikkel Nörgaard,96,7.2,504
Känn Ingen Sorg,2013,Drama|Music|Romance,Måns Mårlind,109,7.1,505
Lad Den Rette Komme Ind,2008,Drama|Horror|Romance,Tomas Alfredson,114,7.9,506
Land Of The Lost,2009,Action|Adventure|Comedy,Brad Silberling,102,5.3,507
Last House On The Left,2009,Horror|Thriller,Dennis Iliadis,110,6.5,508
Last King Of Scotland,2006,Biography|Drama|History,Kevin MacDonald,123,7.7,509
Last Samurai,2003,Action|Drama|War,Edward Zwick,154,7.7,510
Lazarus Project,2008,Drama|Mystery|Thriller,John Glen,100,6.1,511
Leende Guldbruna Ögon,2007,Comedy|Drama,Cecilia Norman Mardell,180,6.6,512
Letters From Iwo Jima,2006,Action|Adventure|Drama,Clint Eastwood,141,7.9,513
Limitless,2011,Sci-Fi|Thriller,Neil Burger,105,7.4,514
Lock Stock And Two Smoking Barrels,1998,Comedy|Crime,Guy Ritchie,107,8.2,515
Lone Ranger,2013,Action|Adventure|Comedy,Gore Verbinski,150,6.4,516
Lone Survivor,2013,Action|Biography|Drama,Peter Berg,121,7.5,517
Looper,2012,Action|Adventure|Crime,Rian Johnson,113,7.4,518
Lord Of War,2005,Action|Crime|Drama,Andrew Niccol,122,7.6,519
Lottery Ticket,2010,Comedy,Erik White,99,5.0,520
Love - Angels And Airwaves,2011,Drama|Music|Sci-Fi,William Eubank,84,5.5,521
Love Actually,2003,Comedy|Drama|Romance,Richard Curtis,135,7.6,522
Lucky Number Slevin,2006,Crime|Drama|Mystery,Paul McGuigan,110,7.7,523
Luther,2003,Biography|Drama|History,Eric Till,123,6.5,524
Mad Max – Road Warrior,1981,Action|Adventure|Sci-Fi,George Miller,96,7.6,525
Mad Max – Fury Road,2015,Action|Adventure|Sci-Fi,George Miller,120,8.1,526
Maffiabröder,1990,Biography|Crime|Drama,Martin Scorsese,146,8.7,527
Mama,2013,Horror|Thriller,Andy Muschietti,100,6.2,528
Man On The Moon,1999,Biography|Comedy|Drama,Milos Forman,118,7.4,529
Mandela - Vägen Till Frihet,2013,Biography|Drama|History,Justin Chadwick,141,7.1,530
Maneater,2009,Horror,Michael Emanuel,92,4.1,531
Matrix,1999,Action|Sci-Fi,Lana Wachowski,136,8.7,532
Matrix Reloaded,2003,Action|Sci-Fi,Lana Wachowski,138,7.2,533
Maze Runner,2014,Action|Mystery|Sci-Fi,Wes Ball,113,6.8,534
Mean Girls,2004,Comedy,Mark Waters,97,7.0,535
Meet The Parents,2000,Comedy|Romance,Jay Roach,108,7.0,536
Meet The Fockers,2004,Comedy|Romance,Jay Roach,115,6.3,537
Little Fockers,2010,Comedy|Romance,Paul Weitz,98,5.5,538
Mega Shark Vs Giant Octopus,2009,Action|Adventure|Comedy,Jack Perez,88,2.5,539
Memento,2000,Mystery|Thriller,Christopher Nolan,113,8.4,540
Men In Black I,1997,Action|Adventure|Comedy,Barry Sonnenfeld,98,7.3,541
Men In Black II,2002,Action|Adventure|Comedy,Barry Sonnenfeld,88,6.2,542
Men In Black III,2012,Action|Adventure|Comedy,Barry Sonnenfeld,106,6.8,543
Men Who Stares At Goats,2009,Comedy|War,Grant Heslov,94,6.2,544
Messengers,2007,Horror|Thriller,Danny Pang,90,5.4,545
Michael Jackson Story,2009,Documentary|Biography,Sonia Anderson,46,6.5,546
Midnight Run,1988,Action|Comedy|Crime,Martin Brest,126,7.5,547
Mig Äger Ingen,2013,Drama,Kjell-Åke Andersson,104,6.8,548
Million Dollar Baby,2004,Drama|Sport,Clint Eastwood,132,8.1,549
Mission Impossible I,1996,Action|Adventure|Thriller,Brian De Palma,110,7.1,550
Mission Impossible II,2000,Action|Adventure|Thriller,John Woo,123,6.1,551
Mission Impossible III,2006,Action|Adventure|Thriller,J. J. Abrams,126,6.9,552
Mission Impossible - Ghost Protocol,2011,Action|Adventure|Thriller,Brad Bird,132,7.4,553
Mitt Stora Feta Grekiska Bröllop,2002,Comedy|Drama|Romance,Joel Zwick,95,6.5,554
Mona Lisas Leende,2003,Drama,Mike Newell,117,6.5,555
Monster,2003,Biography|Crime|Drama,Patty Jenkins,109,7.3,556
Monster's Ball,2001,Drama|Romance,Marc Forster,111,7.0,557
Morden Vid Wolf Creek,2005,Horror|Thriller,Greg McLean,99,6.2,558
Mordkommissionen,2000,Action|Crime|Drama,Unknown,75,8.2,559
Mother Of Tears,2007,Drama|Horror|Thriller,Dario Argento,102,5.1,560
Motorsågsmassakern,1974,Horror,Tobe Hooper,83,7.5,561
Mun Mot Mun,2005,Drama,Björn Runge,94,6.1,562
My Bloody Valentine,2009,Horror|Mystery|Thriller,Patrick Lussier,101,5.4,563
My Boss's Daughter,2003,Comedy|Romance,David Zucker,86,4.7,564
München,2005,Action|Drama|History,Steven Spielberg,164,7.5,565
Mystic River,2003,Crime|Drama|Mystery,Clint Eastwood,138,7.9,566
Män Som Hatar Kvinnor I,2009,Crime|Drama|Mystery,Nils Arden Oplev,152,7.8,567
Män Som Hatar Kvinnor II,2009,Crime|Drama|Mystery,Daniel Alfredson,129,7.2,568
Män Som Hatar Kvinnor III,2009,Crime|Drama|Mystery,Daniel Alfredson,147,7.3,569
Narnia,2005,Adventure|Family|Fantasy,Andrew Adamson,143,6.9,570
Natural Born Killers,1994,Action|Crime|Drama,Oliver Stone,118,7.3,571
Nerve,2016,Action|Crime|Drama,Henry Joost,96,6.5,572
New World,2005,Biography|Drama|History,Terrence Malick,135,6.7,573
New Year's Eve,2011,Comedy|Romance,Garry Marshall,118,5.7,574
Night And The City,1992,Comedy|Crime|Drama,Irwin Winkler,105,5.8,575
Nightmare Before Christmas,1993,Animation|Family|Fantasy,Henry Selick,76,8.0,576
Ninth Gate,1999,Mystery|Thriller,Roman Polanski,133,6.7,577
No Country For Old Men,2007,Crime|Drama|Thriller,Ethan Coen,122,8.1,578
No-Do,2009,Horror|Mystery,Elio Quiroga,94,5.3,579
No Escape,2012,Action|Drama|Mystery,Ruba Nadda,93,5.2,580
No Strings Attached,2011,Comedy|Romance,Ivan Reitman,108,6.2,581
Noah,2014,Action|Adventure|Drama,Darren Aronofsky,138,5.8,582
Not Another Teen Movie,2001,Comedy,Joel Gallen,89,5.7,583
Number 23,2007,Crime|Mystery|Thriller,Joel Schumacher,98,6.4,584
Nun,2005,Drama|Horror|Thriller,Luis de la Madrid,101,4.0,585
Nyckeln Till Frihet,1994,Drama,Frank Darabont,142,9.3,586
O Brother Where Art Thou?,2000,Adventure|Comedy|Crime,Joel Coen,107,7.7,587
Oblivion,2013,Action|Adventure|Sci-Fi,Joseph Kosinski,124,7.0,588
Oceans Eleven,2001,Crime|Thriller,Steven Soderbergh,116,7.7,589
Oceans Twelve,2004,Crime|Thriller,Steven Soderbergh,125,6.5,590
Oceans Thirteen,2007,Crime|Thriller,Steven Soderbergh,122,6.9,591
Offside,2006,Comedy|Drama|Sport,Mårten Klingberg,103,5.8,592
Old School,2003,Comedy,Todd Phillips,88,7.1,593
Olympus Has Fallen,2013,Action|Thriller,Antoine Fuqua,119,6.5,594
Omen,2006,Horror|Thriller,John Moore,110,5.5,595
Once,2007,Drama|Music|Romance,John Carney,86,7.8,596
Once Upon A Time In Mexico,2003,Action|Crime|Thriller,Robert Rodriguez,102,6.4,597
Ondskan,2003,Drama,Mikael Håfström,113,7.8,598
One Flew Over The Cuckoos Nest,1975,Drama,Milos Forman,133,8.7,599
One Hour Photo,2002,Drama|Thriller,Mark Romanek,96,6.8,600
One Missed Call,2008,Horror|Mystery,Eric Valette,87,4.0,601
One Night At McCool's,2001,Comedy|Crime,Harald Zwart,93,6.1,602
Other Guys,2010,Action|Comedy|Crime,Adam McKay,107,6.6,603
Other Woman,2009,Drama,Don Roos,102,6.3,604
Ouija,2014,Horror|Mystery|Thriller,Stiles White,89,4.5,605
Pain & Gain,2013,Action|Comedy|Crime,Michael Bay,129,6.4,606
Panic Button,2011,Horror|Thriller,Chris Crow,96,5.3,607
Panic Room,2002,Crime|Drama|Thriller,David Fincher,112,6.8,608
Papillon,1973,Biography|Crime|Drama,Franklin J. Schaffner,151,8.0,609
Paranormal Activity III,2011,Horror|Mystery|Thriller,Henry Joost,83,5.8,610
Passion Of The Christ,2004,Drama,Mel Gibson,127,7.2,611
Pearl Harbor,2001,Action|Drama|History,Michael Bay,183,6.2,612
Perfect Man,2005,Comedy|Family|Romance,Mark Rosnan,100,5.5,613
Perfect Stranger,2007,Crime|Horror|Mystery,James Foley,109,5.7,614
Phantom,2013,Drama|History|Thriller,Todd Robinson,98,5.9,615
Phonebooth,2002,Crime|Thriller,Joel Schumacher,81,7.0,616
Pianisten,2002,Biography|Drama|Music,Roman Polanski,150,8.5,617
Piranha,2010,Comedy|Horror,Alexandre Aja,88,5.4,618
Pirates Of The Caribbean I - Svarta Pärlans Förbannelse,2003,Action|Adventure|Fantasy,Gore Verbinski,143,8.0,619
Pirates Of The Caribbean II - Död Mans Kista,2006,Action|Adventure|Fantasy,Gore Verbinski,151,7.3,620
Pirates Of The Caribbean III - Vid Världens Ände,2007,Action|Adventure|Fantasy,Gore Verbinski,169,7.1,621
Pirates Of The Caribbean IIII - I Främmande Farvatten,2011,Action|Adventure|Fantasy,Rob Marshall,137,6.6,622
Planet Terror,2007,Action|Adventure|Comedy,Robert Rodriguez,105,7.1,623
Pledge This,2006,Comedy,William Heins,91,1.8,624
Populärmusik Från Vittula,2004,Comedy|Drama,Reza Bagher,105,6.5,625
Power Rangers,2017,Action|Adventure|Sci-Fi,Dean Israelite,124,5.9,626
Prom Night,1980,Horror|Thriller,Paul Lynch,92,5.4,627
Prom Night,2008,Horror|Mystery,Nelson McCormick,88,3.9,628
Proof Of Life,2000,Action|Drama|Thriller,Taylor Hackford,135,6.2,629
Public Enemies,2009,Biography|Crime|Drama,Michael Mann,140,7.0,630
Pulp Fiction,1994,Crime|Drama,Quentin Tarantino,154,8.9,631
Punisher,2004,Action|Crime|Drama,Jonathan Hensleigh,124,6.4,632
Purge,2013,Horror|Thriller,James DeMonaco,85,5.7,633
Purpose,2002,Drama,Alan Ari Lazar,96,5.4,634
På Smällen,2007,Comedy|Romance,Judd Apatow,129,6.9,635
Racer And The Jailbird,2017,Crime|Drama|Romance,Michael R. Roskam,130,6.3,636
Rain Man,1988,Drama,Barry Levinson,133,8.0,637
Rambo,2008,Action|Thriller,Sylvester Stallone,92,7.0,638
Rancid,2004,Action|Crime|Thriller,Jack Ersgard,108,5.4,639
Rat Race,2001,Adventure|Comedy,Jerry Zucker,112,6.4,640
Reaping,2007,Horror|Thriller,Stephen Hopkins,99,5.6,641
Recycle,2006,Fantasy|Horror|Mystery,Danny Pang,108,6.1,642
Reeker,2005,Horror|Mystery|Thriller,Dave Payne,90,5.2,643
Reservoir Dogs,1992,Crime|Drama|Thriller,Quentin Tarantino,99,8.3,644
Return To Sender,2004,Drama|Thriller,Billie August,109,6.4,645
Riget I,1994,Comedy|Drama|Fantasy,Lars Von Trier,278,8.3,646
Riget II,1997,Comedy|Drama|Fantasy,Lars Von Trier,297,8.3,647
Ring,1998,Horror|Mystery,Hideo Nakata,96,7.2,648
R I P D,2013,Action|Adventure|Comedy,Robert Schwentke,96,5.6,649
Risky Business – Föräldrafritt,1983,Comedy|Crime|Drama,Paul Brickman,99,6.8,650
Road To Perdition,2002,Crime|Drama|Thriller,Sam Mendes,117,7.7,651
Road Trip,2000,Comedy,Todd Phillips,93,6.4,652
Rock,1996,Action|Adventure|Thriller,Michael Bay,136,7.4,653
Rocky Balboa,2006,Action|Drama|Sport,Sylvester Stallone,102,7.1,654
Rovdyr,2008,Horror,Patrik Syversen,78,5.1,655
Ruins,2008,Fantasy|Horror|Thriller,Carter Smith,90,5.8,656
Rumor Has It,2005,Comedy|Drama|Romance,Rob Reinar,97,5.5,657
Runaway Bride,1999,Comedy|Romance,Garry Marshall,116,5.5,658
Safe House,2012,Action|Thriller,Daniel Espinosa,115,6.7,659
Sagan Om Ringen – Härskarringen,2001,Action|Adventure|Drama,Peter Jackson,178,8.8,660
Sagan Om De Två Tornen,2002,Action|Adventure|Drama,Peter Jackson,179,8.7,661
Sagan Om Konungens Återkomst,2003,Action|Adventure|Drama,Peter Jackson,201,8.9,662
Sahara,2005,Action|Adventure|Comedy,Breck Eisner,124,6.0,663
Salt,2010,Action|Mystery|Thriller,Phillip Noyce,100,6.4,664
Saving Christmas,2013,Family,Benjamin Gourley,86,4.8,665
Saving Private Ryan,1998,Drama|War,Steven Spielberg,169,8.6,666
Saw I,2004,Horror|Mystery,James Wan,103,7.6,667
Saw II,2005,Horror|Mystery,Darren Lynn Bousman,93,6.6,668
Saw III,2006,Horror|Mystery,Darren Lynn Bousman,108,6.2,669
Saw IV,2007,Horror|Mystery,Darren Lynn Bousman,93,5.9,670
Saw V,2008,Horror|Mystery,David Hackl,92,5.8,671
Saw VI,2009,Horror|Mystery,Kevin Greutert,90,6.0,672
Saw VII,2010,Horror|Mystery,Kevin Greutert,90,5.6,673
Scarecrow,2013,Action|Horror|Thriller,Sheldon Wilson,86,4.1,674
Scarface,1983,Crime|Drama,Brian De Palma,170,8.3,675
Scary Movie,2000,Comedy,Keenen Ivory Wayans,88,6.2,676
Scary Movie II,2001,Comedy,Keenen Ivory Wayans,83,5.3,677
Scary Video,2000,Comedy|Horror,John Blanchard,86,4.0,678
Schindler's List,1993,Biography|Drama|History,Steven Spielberg,195,8.9,679
Score,2001,Crime|Drama|Thriller,Frank Oz,124,6.8,680
Scorpion King,2002,Action|Adventure|Fantasy,Chuck Russell,92,5.5,681
Scream,1996,Action|Adventure|Horror,Wes Craven,111,7.2,682
Scream II,1997,Action|Adventure|Horror,Wes Craven,120,6.2,683
Scream III,2000,Action|Adventure|Horror,Wes Craven,116,5.6,684
Scream IV,2011,Action|Adventure|Horror,Wes Craven,111,6.1,685
Sea Wolf,2009,Adventure|Drama|Romance,Mike Barker,180,6.4,686
Secret Window,2004,Drama|Mystery|Thriller,David Koepp,96,6.6,687
See No Evil,2006,Crime|Drama|Thriller,Chris Menaul,180,7.2,688
Semi Pro,2008,Comedy|Sport,Kent Alterman,91,5.8,689
Setup,2011,Action|Crime|Drama,Mike Gunther,85,4.4,690
Seven,1995,Crime|Drama|Mystery,David Fincher,127,8.6,691
Seven Pounds,2008,Drama,Gabriele Muccino,123,7.6,692
Sex Tape,2014,Comedy|Romance,Jake Kasdan,94,5.1,693
Shaft,2000,Action|Crime|Thriller,John Singleton,99,5.9,694
Shakalen,1997,Action|Crime|Drama,Michael Caton-Jones,124,6.4,695
Shanghai Noon,2000,Action|Adventure|Comedy,Tom Dey,110,6.6,696
She's All That,1999,Comedy|Romance,Robert Iscove,95,5.9,697
She's The Man,2006,Comedy|Romance|Sport,Andy Fickman,105,6.3,698
Shining,1980,Drama|Horror,Stanley Kubrick,146,8.4,699
Shrooms,2007,Comedy|Horror|Mystery,Paddy Breathnach,84,4.7,700
Shutter,2008,Horror|Mystery|Thriller,Masayuki Ochiai,85,5.2,701
Shutter Island,2010,Mystery|Thriller,Martin Scorsese,138,8.1,702
Signal,2007,Horror|Sci-Fi|Thriller,David Bruckner,103,6.1,703
Silent Hill,2006,Horror,Christophe Gans,125,6.5,704
Silent Scream,2005,Horror,Matt Cantu,90,2.9,705
Simpson The Movie,2007,Animation|Adventure|Comedy,David Silverman,87,7.3,706
Sin City,2005,Crime|Thriller,Frank Miller,124,8.0,707
Sinister,2012,Horror|Mystery|Thriller,Scott Derrickson,110,6.8,708
Sinister II,2015,Horror|Mystery|Thriller,Clarán Foy,97,5.3,709
Skeleton Key,2005,Drama|Horror|Mystery,Iain Softley,104,6.5,710
Skjult,2005,Drama|Mystery|Thriller,Michael Haneke,117,7.3,711
Skulls,2000,Action|Crime|Drama,Rob Cohen,106,5.6,712
Skycaptain And The World Of Tomorrow,2004,Action|Adventure|Mystery,Kerry Conran,106,6.0,713
Slumdog Millionaire,2008,Drama|Romance,Danny Boyle,120,8.0,714
Smoke,1995,Comedy|Drama,Wayne Wang,112,7.4,715
Snabba Cash I,2010,Action|Crime|Drama,Daniel Espinosa,124,6.7,716
Snabba Cash II,2012,Action|Crime|Drama,Babak Najafi,99,6.3,717
Snabba Cash III - Livet Deluxe,2013,Action|Crime|Drama,Jens Jonsson,127,6.2,718
Snatch,2000,Comedy|Crime,Guy Ritchie,104,8.3,719
Snitch,2013,Action|Drama|Thriller,Ric Roman Waugh,112,6.4,720
Snuff Movie,2005,Horror,Bernard Rose,92,3.9,721
Social Network,2010,Biography|Drama,David Fincher,120,7.7,722
Sommaren Med Göran,2009,Comedy,Staffan Lindberg,97,5.3,723
Sopåkarna,1990,Action|Comedy|Crime,Emilio Estevez,98,6.0,724
Spanglish,2004,Comedy|Drama|Romance,James L. Brooks,131,6.4,725
Spiderman I,2002,Action|Adventure|Sci-Fi,Sam Raimi,121,7.3,726
Spiderman II,2004,Action|Adventure|Sci-Fi,Sam Raimi,127,7.3,727
Spiderman III,2007,Action|Adventure|Sci-Fi,Sam Raimi,139,6.2,728
The Amazing Spiderman I,2012,Action|Adventure|Sci-Fi,Marc Webb,136,6.9,729
The Amazing Spiderman II,2014,Action|Adventure|Sci-Fi,Marc Webb,142,6.6,730
Spionernas Bro,2015,Drama|History|Thriller,Steven Spielberg,142,7.6,731
Split Decisions,1988,Action|Drama|Sport,David Drury,95,5.2,732
Stand By Me,1986,Adventure|Drama,Rob Reinar,89,8.1,733
Starsky And Hutch,2004,Comedy|Crime,Todd Phillips,101,6.1,734
Step Brothers,2008,Comedy,Adam McKay,98,6.9,735
Storm Warning,2007,Horror|Thriller,Jamie Blanks,86,5.8,736
Stranded,2013,Horror|Sci-Fi,Roger Christian,84,3.5,737
Street Kings,2008,Action|Crime|Drama,David Ayer,109,6.8,738
Summer's Blood,2009,Horror|Thriller,Lee Demarbre,91,4.4,739
Sum Of All Fears,2002,Action|Drama|Thriller,Phil Alden Robinson,124,6.4,740
Supersugen,2007,Comedy,Greg Mottola,113,7.6,741
Surrogates,2009,Action|Sci-Fi|Thriller,Jonathan Mostow,89,6.3,742
Survival Of The Dead,2009,Comedy|Drama|Horror,George A. Romero,90,4.9,743
S.W.A.T,2003,Action|Adventure|Crime,Clark Johnson,117,6.0,744
Sweeney Todd,2007,Drama|Horror|Musical,Tim Burton,116,7.3,745
Sweet Home Alabama,2002,Comedy|Romance,Andy Tennant,108,6.2,746
Switch,2010,Comedy|Drama|Romance,Josh Gordon,101,6.1,747
Sällskapsresor – Sällskapsresan,1980,Comedy,Lasse Åberg,107,7.2,748
Sällskapsresor – Snowroller,1985,Comedy,Lasse Åberg,91,6.6,749
Sällskapsresor – S.O.S,1988,Comedy,Lasse Åberg,104,6.2,750
Sällskapsresor – Den Ofrivillige Golfaren,1991,Comedy,Lasse Åberg,107,5.7,751
Sällskapsresor – Hälsoresan,1999,Comedy,Lasse Åberg,105,4.2,752
Taken I,2008,Action|Thriller,Pierre Morel,90,7.8,753
Taken III,2014,Action|Thriller,Olivier Megaton,108,6.0,754
Taking Of Pelham 123,2009,Action|Crime|Thriller,Tony Scott,106,6.4,755
Talented Mr. Ripley,1999,Crime|Drama|Thriller,Anthony Minghella,139,7.4,756
Tali Ihantala 1944,2007,Drama|History|War,Åke Lindman,117,5.8,757
Tattooist,2007,Drama|Horror|Thriller,Peter Burger,92,5.1,758
Taxi II,2000,Action|Comedy|Crime,Gerard Krawcyk,88,6.5,759
Taxi III,2003,Action|Comedy|Crime,Gerard Krawcyk,84,5.8,760
Taxi Driver,1976,Crime|Drama,Martin Scorsese,114,8.3,761
Ted,2012,Comedy,Seth MacFarlane,106,6.9,762
Ted II,2015,Comedy,Seth MacFarlane,115,6.3,763
Terminalen,2004,Comedy|Drama|Romance,Steven Spielberg,128,7.4,764
Terminator I,1984,Action|Sci-Fi,James Cameron,107,8.0,765
Terminator II,1991,Action|Sci-Fi,James Cameron,137,8.5,766
Terminator III,2003,Action|Sci-Fi,Jonathan Mostow,109,6.3,767
Territory,2007,Action|Adventure|Drama,Greg McLean,99,6.2,768
Terror Train,1980,Horror|Mystery|Thriller,Roger Spottiswoode,97,5.9,769
There Will Be Blood,2007,Drama,Paul Thomas Anderson,158,8.2,770
There's Something About Mary,1998,Comedy|Romance,Bobby Farrelly,119,7.1,771
Thirteen Ghosts,2001,Horror|Thriller,Steve Beck,91,5.6,772
This Is 40,2012,Comedy|Romance,Judd Apatow,134,6.2,773
This Is The End,2013,Comedy,Evan Goldberg,107,6.6,774
Three Kings,1999,Action|Adventure|Comedy,David O. Russell,114,7.1,775
Three Musketeers,1993,Action|Adventure|Comedy,Stephen Herek,105,6.4,776
Tillbaka Till Framtiden II,1989,Adventure|Comedy|Sci-Fi,Robert Zemeckis,108,7.8,777
Titanic,1997,Drama|Romance,James Cameron,194,7.8,778
Tjenare Kungen,2005,Comedy|Drama|Music,Ulf Malmros,94,6.1,779
Tjuren Från Bronx,1980,Biography|Drama|Sport,Martin Scorsese,129,8.2,780
Tomb Raider,2001,Action|Adventure|Fantasy,Simon West,100,5.8,781
Tomie Replay,2000,Horror,Tomijiro Mitsuishi,95,5.4,782
Tomten Är Far Till Alla Barnen,1999,Comedy,Kjell Sundvall,95,6.8,783
Toolbox Murders 2005,2004,Horror|Mystery|Thriller,Tobe Hooper,95,5.3,784
Top Gun,1986,Action|Drama,Tony Scott,110,6.9,785
Torque,2004,Action|Comedy|Crime,Joseph Kahn,84,4.1,786
Total Recall,2012,Action|Adventure|Sci-Fi,Len Wiseman,118,6.3,787
Tower Heist,2011,Action|Comedy|Crime,Brett Ratner,104,6.2,788
Town,2010,Crime|Drama|Thriller,Ben Affleck,125,7.5,789
Traffic,2000,Crime|Drama|Thriller,Steven Soderbergh,147,7.6,790
Training Day,2001,Crime|Drama|Thriller,Antoine Fuqua,122,7.7,791
Trainspotting,1996,Drama,Danny Boyle,93,8.1,792
Transporter III,2008,Action|Adventure|Thriller,Olivier Megaton,104,6.1,793
Transporter Refueled,2015,Action|Adventure|Thriller,Camille Delamarre,96,5.2,794
Troja,2004,Drama|History,Wolfgang Petersen,163,7.2,795
Tropa De Elite,2007,Action|Crime|Drama,José Padilha,115,8.1,796
Tropic Thunder,2008,Action|Comedy|War,Ben Stiller,107,7.0,797
Trubbel I Paradiset,2009,Comedy,Peter Billingsley,113,5.5,798
True Grit,2010,Drama|Western,Ethan Coen,110,7.6,799
True Women,1997,Action|Adventure|Biography,Karen Arthur,183,6.8,800
Truman Show,1998,Comedy|Drama|Sci-Fi,Peter Weir,103,8.1,801
Truth About Charlie,2002,Mystery|Thriller,Jonathan Demme,104,4.7,802
Truth Or Dare,2018,Horror|Thriller,Jeff Wadlow,100,5.2,803
Tuxedo,2002,Action|Comedy|Sci-Fi,Kevin Donovan,98,5.4,804
Ugly Truth,2009,Comedy|Romance,Robert Luketic,96,6.4,805
Unbreakable,2000,Drama|Mystery|Sci-Fi,M. Night Shyamalan,106,7.3,806
Unleashed,2005,Action|Adventure|Crime,Louis Leterrier,103,7.0,807
Unnatural Causes,2008,Drama|Thriller,Robert Malenfant,93,4.3,808
Usual Suspects,1995,Crime|Mystery|Thriller,Bryan Singer,106,8.5,809
Valhalla Rising,2009,Adventure|Drama|Fantasy,Nicolas Winding Refn,93,6.1,810
Van Helsing,2004,Action|Adventure|Fantasy,Stephen Sommers,131,6.1,811
Varannan Vecka,2006,Comedy|Drama|Romance,Felix Herngren,97,5.5,812
Venom,2005,Horror,Jim Gillespie,87,4.6,813
V/H/S,2012,Horror|Thriller,David Bruckner,116,5.8,814
V/H/S II,2013,Horror|Thriller,Simon Barrett,96,6.0,815
View From The Top,2003,Comedy|Romance,Bruno Barreto,87,5.2,816
Village,2004,Drama|Mystery|Thriller,M. Night Shyamalan,108,6.5,817
Virginity Hit,2010,Comedy,Huck Botko,86,4.6,818
Världarnas Krig,2005,Adventure|Sci-Fi|Thriller,Steven Spielberg,116,6.5,819
Wag The Dog,1997,Comedy|Drama,Barry Levinson,97,7.2,820
Walk The Line,2005,Biography|Drama|Music,James Mangold,136,7.8,821
Wall Street,2010,Drama,Oliver Stone,133,6.2,822
Wallander – Cellisten,2010,Crime|Drama|Mystery,Stephan Apelgren,93,6.2,823
Wallander – Prästen,2010,Crime|Drama|Mystery,Henrik Georgsson,86,5.8,824
Wallander – Läckan,2010,Crime|Drama|Mystery,Henrik Georgsson,89,6.1,825
Wanderlust,2012,Comedy|Romance,David Wain,98,5.6,826
Warrior,2011,Drama|Sport,Gavin O'Connor,140,8.2,827
Watcher,2000,Crime|Drama|Mystery,Joe Charbanic,97,5.3,828
We Own The Night,2007,Crime|Drama|Thriller,James Gray,117,6.8,829
We Where Soldiers,2002,Action|Drama|History,Randall Wallace,138,7.2,830
Weather Man,2005,Comedy|Drama,Gore Verbinski,102,6.5,831
Wedding Crashers,2005,Comedy|Romance,David Dobkin,119,6.9,832
Werewolf,2012,Action|Fantasy|Horror,Louis Morneau,93,5.1,833
What Happens In Vegas,2008,Comedy|Romance,Tom Vaughan,99,6.1,834
What's Eating Gilbert Grape,1993,Drama,Lasse Hallström,118,7.8,835
When A Stranger Calls,2006,Horror|Thriller,Simon West,87,5.1,836
Whiplash,2014,Drama|Music,Damien Chazelle,106,8.5,837
White Collar Hooligan,2012,Crime,Paul Tanter,81,5.2,838
White Noise,2005,Drama|Horror|Mystery,Geoffrey Sax,94,5.5,839
White Vengeance,2011,Action|Drama|History,Daniel Lee,135,6.2,840
Wicked,2013,Fantasy|Horror|Thriller,Peter Winther,105,3.7,841
Wind Chill,2007,Drama|Horror|Thriller,Gregory Jacobs,91,5.8,842
Wishmaster,1997,Fantasy|Horror,Robert Kurtzman,90,5.8,843
Without A Paddle,2004,Adventure|Comedy|Mystery,Steven Brill,95,5.9,844
Wolf Creek,2005,Horror|Thriller,Greg McLean,99,6.2,845
Wolverine,2013,Action|Adventure|Sci-Fi,James Mangold,126,6.7,846
World Trade Center,2006,Drama|History|Thriller,Oliver Stone,129,5.9,847
World's Greatest Dad,2009,Comedy|Drama,Bobcat Goldthwait,99,6.9,848
X – Men,2000,Action|Adventure|Sci-Fi,Bryan Singer,104,7.4,849
Yes Man,2008,Comedy|Romance,Peyton Reed,104,6.8,850
You Me And Dupree,2006,Comedy|Romance,Anthony Russo,110,5.6,851
Young Guns,1988,Action|Western,Christopher Cain,107,6.9,852
Young Guns II,1990,Action|Western,Geoff Murphy,104,6.5,853
Youth In Revolt,2009,Comedy|Drama|Romance,Miguel Arteta,90,6.4,854
Zodiac,2007,Crime|Drama|Mystery,David Fincher,157,7.7,855
Zoolander,2001,Comedy,Ben Stiller,90,6.5,856
Änglagård Andra Sommaren,1994,Comedy|Drama,Colin Nutley,137,5.3,857